Workbook

Sheet Incidents
A1: Incident ID | B1: Title | C1: Description | D1: Category | E1: Priority | F1: Severity | G1: Status | H1: Reported By | I1: Assigned To | J1: Department | K1: Date Reported | L1: Date Acknowledged | M1: Date Resolved | N1: Date Closed | O1: SLA Target (hrs) | P1: Resolution Time (hrs) | Q1: SLA Met | R1: Root Cause | S1: Affected System | T1: Impact | U1: Workaround Applied | V1: Related Change ID | W1: Notes
A2: INC0012847 | B2: Production database connection pool exhausted | C2: Oracle DB primary instance hit max connection limit of 500, causing transaction timeouts across ERP modules. Multiple business units affected. | D2: Database | E2: P1 - Critical | F2: S1 - Critical | G2: Closed | H2: Tom Brennan | I2: Michael Torres | J2: IT Operations | K2: 45964.279 | L2: 45964.283 | M2: 45964.385 | N2: 45965.417 | O2: 4 | P2: =(M2-K2)*24 -> 2.55 | Q2: =IF(P2<=O2,"Yes","No") -> Yes | R2: Connection leak in batch processing job deployed in CHG0008821 | S2: Oracle DB Prod | T2: Critical - Business Down | U2: Yes | V2: CHG0008821 | W2: Emergency connection pool increase to 750 applied as interim fix. Permanent patch deployed in CHG0008845.
A3: INC0012848 | B3: Salesforce SSO login failures - EMEA region | C3: Users in EMEA unable to authenticate to Salesforce via Okta. SAML assertion validation failing. NA and APAC unaffected. | D3: Authentication | E3: P1 - Critical | F3: S2 - Major | G3: Closed | H3: Priya Sharma | I3: Fatima Al-Hassan | J3: Customer Support | K3: 45965.344 | L3: 45965.349 | M3: 45965.451 | N3: 45966.604 | O3: 4 | P3: =(M3-K3)*24 -> 2.5833333 | Q3: =IF(P3<=O3,"Yes","No") -> Yes | R3: Expired SAML signing certificate on EMEA Okta tenant | S3: Okta SSO | T3: High - Major Degradation | U3: Yes | W3: Certificate renewed. Added monitoring alert for cert expiry 30 days prior. 342 users impacted.
A4: INC0012849 | B4: Intermittent packet loss on WAN link - Chicago office | C4: Chicago office experiencing 8-12% packet loss on primary WAN circuit. VoIP and video calls severely affected. Failover link operational. | D4: Network | E4: P2 - High | F4: S2 - Major | G4: Closed | H4: David Kowalski | I4: Kevin Reeves | J4: IT Operations | K4: 45966.479 | L4: 45966.49 | M4: 45967.667 | N4: 45968.375 | O4: 8 | P4: =(M4-K4)*24 -> 28.5 | Q4: =IF(P4<=O4,"Yes","No") -> No | R4: Degraded fiber optic cable segment identified by ISP | S4: Cisco Meraki WAN | T4: High - Major Degradation | U4: Yes | W4: ISP dispatched technician. Cable splice repaired. Monitoring for 48hrs post-fix.
A5: INC0012850 | B5: Kubernetes pod CrashLoopBackOff - payment-service | C5: payment-service pods in production K8s cluster entering CrashLoopBackOff. 3/5 replicas down. Payment processing degraded. | D5: Application | E5: P1 - Critical | F5: S1 - Critical | G5: Closed | H5: Emily Zhang | I5: Anna Petrova | J5: Engineering | K5: 45967.599 | L5: 45967.601 | M5: 45967.653 | N5: 45968.458 | O5: 2 | P5: =(M5-K5)*24 -> 1.3 | Q5: =IF(P5<=O5,"Yes","No") -> Yes | R5: OOM kill - memory limit set too low after v2.4.1 deployment increased baseline usage | S5: Kubernetes Cluster | T5: Critical - Business Down | U5: Yes | V5: CHG0008830 | W5: Rolled back to v2.4.0. Memory limits adjusted. v2.4.1 redeployed with fix in CHG0008852.
A6: INC0012851 | B6: Exchange Online - delayed email delivery > 45 min | C6: Multiple users reporting emails stuck in outbound queue. Average delay 45-90 minutes. Affects both internal and external delivery. | D6: Email/Messaging | E6: P2 - High | F6: S3 - Moderate | G6: Closed | H6: Sarah Mitchell | I6: Chris Donovan | J6: HR | K6: 45968.382 | L6: 45968.396 | M6: 45968.615 | N6: 45969.427 | O6: 8 | P6: =(M6-K6)*24 -> 5.5833333 | Q6: =IF(P6<=O6,"Yes","No") -> Yes | R6: Microsoft 365 service degradation - EX498712 | S6: Exchange Online | T6: Medium - Limited Impact | U6: No | W6: Microsoft acknowledged issue. Resolved server-side. No action required from our end.
A7: INC0012852 | B7: AWS EC2 instance unreachable - prod-web-04 | C7: Single EC2 instance in us-east-1a AZ not responding to health checks. Auto-scaling launched replacement. Investigating root cause. | D7: Cloud Infrastructure | E7: P3 - Medium | F7: S4 - Minor | G7: Closed | H7: James Okonkwo | I7: Derek Washington | J7: Engineering | K7: 45969.705 | L7: 45969.722 | M7: 45970.438 | N7: 45971.375 | O7: 24 | P7: =(M7-K7)*24 -> 17.583333 | Q7: =IF(P7<=O7,"Yes","No") -> Yes | R7: Underlying host hardware failure - AWS replaced host | S7: AWS us-east-1 | T7: Low - Minimal Impact | U7: No | W7: No customer impact due to auto-scaling. Instance terminated and replaced.
A8: INC0012853 | B8: Palo Alto firewall - false positive blocking API traffic | C8: Threat Prevention signature ID 58432 incorrectly flagging legitimate REST API calls from partner integration as SQL injection. | D8: Security | E8: P2 - High | F8: S2 - Major | G8: Closed | H8: Carlos Mendez | I8: Brian Keller | J8: Engineering | K8: 45971.42 | L8: 45971.429 | M8: 45971.521 | N8: 45972.625 | O8: 8 | P8: =(M8-K8)*24 -> 2.4166667 | Q8: =IF(P8<=O8,"Yes","No") -> Yes | R8: Overly broad threat signature matching JSON payloads with SQL-like syntax | S8: Palo Alto Firewall | T8: High - Major Degradation | U8: Yes | W8: Threat exception rule added for partner IP range. Palo Alto support case opened for signature tuning.
A9: INC0012854 | B9: SAP S/4HANA - month-end closing job ABEND | C9: FI month-end closing batch job RFFOUS_C terminated with runtime error DBSQL_SQL_ERROR. October close incomplete. | D9: Application | E9: P1 - Critical | F9: S1 - Critical | G9: Closed | H9: Lisa Nakamura | I9: Samantha Liu | J9: Finance | K9: 45972.927 | L9: 45972.931 | M9: 45973.156 | N9: 45973.667 | O9: 4 | P9: =(M9-K9)*24 -> 5.5 | Q9: =IF(P9<=O9,"Yes","No") -> No | R9: Table space exhaustion on BSEG table due to missing archiving run | S9: ERP - SAP S/4HANA | T9: Critical - Business Down | U9: No | V9: CHG0008840 | W9: Emergency table space extension. Archiving job rescheduled. Month-end close completed by 04:30.
A10: INC0012855 | B10: Snowflake query performance degradation | C10: Complex analytical queries on sales_fact table taking 15x longer than baseline. Virtual warehouse auto-scaling not triggering. | D10: Database | E10: P3 - Medium | F10: S3 - Moderate | G10: Closed | H10: Robert Fernandez | I10: Yuki Tanaka | J10: Sales | K10: 45974.569 | L10: 45974.594 | M10: 45975.458 | N10: 45975.688 | O10: 24 | P10: =(M10-K10)*24 -> 21.333333 | Q10: =IF(P10<=O10,"Yes","No") -> Yes | R10: Clustering keys invalidated after large data load. Auto-suspend misconfigured. | S10: Snowflake DW | T10: Medium - Limited Impact | U10: No | W10: Re-clustered tables. Corrected auto-scaling policy. Query times back to baseline.
A11: INC0012856 | B11: Jira Cloud - custom workflow transition broken | C11: Approval workflow for change requests not advancing past 'Review' stage. Automation rule silently failing. 28 CRs stuck. | D11: Application | E11: P3 - Medium | F11: S3 - Moderate | G11: Closed | H11: Aisha Patel | I11: Nadia Osei | J11: Engineering | K11: 45975.431 | L11: 45975.458 | M11: 45976.396 | N11: 45976.583 | O11: 24 | P11: =(M11-K11)*24 -> 23.166667 | Q11: =IF(P11<=O11,"Yes","No") -> Yes | R11: Atlassian API rate limit change broke automation rule webhook | S11: Jira Cloud | T11: Medium - Limited Impact | U11: Yes | W11: Automation rule updated with retry logic and rate limit handling. Stuck CRs manually advanced.
A12: INC0012857 | B12: VPN concentrator capacity exceeded - remote workers | C12: GlobalProtect VPN concurrent session limit reached during all-hands meeting. 150+ users unable to connect. | D12: Network | E12: P2 - High | F12: S2 - Major | G12: Closed | H12: Sarah Mitchell | I12: Kevin Reeves | J12: IT Operations | K12: 45978.415 | L12: 45978.42 | M12: 45978.479 | N12: 45979.375 | O12: 8 | P12: =(M12-K12)*24 -> 1.5333333 | Q12: =IF(P12<=O12,"Yes","No") -> Yes | R12: Licensed session cap of 500 insufficient for full-company remote events | S12: Palo Alto Firewall | T12: High - Major Degradation | U12: Yes | W12: Emergency license upgrade applied. Split-tunnel policy enabled for meeting traffic. Capacity planning review scheduled.
A13: INC0012858 | B13: ServiceNow CMDB sync failure with Azure | C13: Discovery integration between ServiceNow and Azure subscription stopped syncing. 1,200+ CIs stale for 72hrs. | D13: Cloud Infrastructure | E13: P3 - Medium | F13: S3 - Moderate | G13: Resolved | H13: James Okonkwo | I13: Derek Washington | J13: IT Operations | K13: 45980.354 | L13: 45980.375 | M13: 45981.583 | O13: 24 | P13: =(M13-K13)*24 -> 29.5 | Q13: =IF(P13<=O13,"Yes","No") -> No | R13: Azure service principal secret expired | S13: ServiceNow ITSM | T13: Low - Minimal Impact | U13: No | V13: CHG0008860 | W13: Secret rotated. Automated rotation policy implemented via Key Vault. Monitoring added.
A14: INC0012859 | B14: Slack Enterprise Grid - file upload failures | C14: Users across multiple workspaces unable to upload files > 5MB. Error: 'upload_failed_generic'. Slack status page shows no issues. | D14: Email/Messaging | E14: P3 - Medium | F14: S4 - Minor | G14: Resolved | H14: Emily Zhang | I14: Chris Donovan | J14: Marketing | K14: 45981.594 | L14: 45981.615 | M14: 45982.417 | O14: 24 | P14: =(M14-K14)*24 -> 19.75 | Q14: =IF(P14<=O14,"Yes","No") -> Yes | R14: Proxy server content inspection rule blocking multipart uploads above threshold | S14: Slack Enterprise | T14: Low - Minimal Impact | U14: Yes | W14: Proxy rule adjusted to whitelist Slack file upload endpoints. Monitoring for recurrence.
A15: INC0012860 | B15: AD / Entra ID - group policy not applying to new devices | C15: Newly enrolled Windows devices not receiving Intune compliance policies. Conditional Access blocking access to M365 apps. | D15: Security | E15: P2 - High | F15: S2 - Major | G15: In Progress | H15: David Kowalski | I15: Fatima Al-Hassan | J15: IT Operations | K15: 45982.472 | L15: 45982.483 | O15: 8 | S15: AD / Entra ID | T15: High - Major Degradation | U15: Yes | V15: CHG0008865 | W15: Workaround: manual policy assignment. Investigating Autopilot profile assignment conflict.
A16: INC0012861 | B16: CRM data sync latency - Salesforce to Snowflake | C16: ETL pipeline from Salesforce to Snowflake running 6hrs behind schedule. Sales dashboards showing stale data. | D16: Database | E16: P3 - Medium | F16: S3 - Moderate | G16: In Progress | H16: Robert Fernandez | I16: Yuki Tanaka | J16: Sales | K16: 45983.323 | L16: 45983.354 | O16: 24 | S16: CRM - Salesforce | T16: Medium - Limited Impact | U16: No | W16: Investigating Salesforce bulk API rate limits. Possible schema change in last SF release.
A17: INC0012862 | B17: Laptop BSOD - Finance department (multiple devices) | C17: 5 laptops in Finance dept experiencing BSOD with DRIVER_IRQL_NOT_LESS_OR_EQUAL after Tuesday patch deployment. | D17: Hardware | E17: P3 - Medium | F17: S3 - Moderate | G17: Open | H17: Lisa Nakamura | I17: Brian Keller | J17: Finance | K17: 45985.375 | O17: 24 | T17: Medium - Limited Impact | U17: No | V17: CHG0008870 | W17: Suspected conflict between KB5044380 and Dell docking station driver. Collecting dump files.
A18: INC0012863 | B18: Azure DevOps pipeline failures - main branch | C18: CI/CD pipelines for 3 microservices failing on main branch. Build agent pool saturated, queued jobs timing out. | D18: Application | E18: P2 - High | F18: S3 - Moderate | G18: Open | H18: Carlos Mendez | I18: Anna Petrova | J18: Engineering | K18: 45986.34 | L18: 45986.351 | O18: 8 | S18: Azure DevOps | T18: Medium - Limited Impact | U18: Yes | W18: Temporary scale-up of build agent pool requested. Investigating why self-hosted agents went offline.

Sheet Summary Dashboard
A1: Incident Summary Dashboard
A3: Metric | B3: Value | D3: Category | E3: Count
A4: Total Incidents | B4: =COUNTA(Incidents!A2:A18) -> 17 | D4: Network | E4: =COUNTIF(Incidents!D2:D18,D4) -> 2
A5: Open | B5: =COUNTIF(Incidents!G2:G18,"Open") -> 2 | D5: Application | E5: =COUNTIF(Incidents!D2:D18,D5) -> 4
A6: In Progress | B6: =COUNTIF(Incidents!G2:G18,"In Progress") -> 2 | D6: Hardware | E6: =COUNTIF(Incidents!D2:D18,D6) -> 1
A7: Resolved | B7: =COUNTIF(Incidents!G2:G18,"Resolved") -> 2 | D7: Security | E7: =COUNTIF(Incidents!D2:D18,D7) -> 2
A8: Closed | B8: =COUNTIF(Incidents!G2:G18,"Closed") -> 11 | D8: Database | E8: =COUNTIF(Incidents!D2:D18,D8) -> 3
A9: P1 - Critical | B9: =COUNTIF(Incidents!E2:E18,"P1 - Critical") -> 4 | D9: Cloud Infrastructure | E9: =COUNTIF(Incidents!D2:D18,D9) -> 2
A10: P2 - High | B10: =COUNTIF(Incidents!E2:E18,"P2 - High") -> 6 | D10: Authentication | E10: =COUNTIF(Incidents!D2:D18,D10) -> 1
A11: P3 - Medium | B11: =COUNTIF(Incidents!E2:E18,"P3 - Medium") -> 7 | D11: Email/Messaging | E11: =COUNTIF(Incidents!D2:D18,D11) -> 2
A12: Avg Resolution Time (hrs) | B12: =IFERROR(AVERAGE(Incidents!P2:P18),"N/A") -> 12.407692
A13: SLA Compliance Rate | B13: =IFERROR(COUNTIF(Incidents!Q2:Q18,"Yes")/COUNTA(Incidents!Q2:Q18),"N/A") -> 0.76923077
A16: Export Information
A17: Exported From | B17: ServiceNow ITSM v2024.2.1
A18: Export Date | B18: 2026-03-10 00:06:04
A19: Exported By | B19: sys_admin@acmecorp.com
A20: Environment | B20: Production
A21: Tenant | B21: ACME Corporation
